{
   "remtime": {
      "zero_laststate": {
         "xgb": {
            "n_estimators": 101,
            "learning_rate": 0.024528837867020842,
            "subsample": 0.6551534092619985,
            "max_depth": 6,
            "colsample_bytree": 0.7643972683566531,
            "min_child_weight": 2
         }
      }
   },
   "remtime2": {
      "zero_combined": {
         "xgb": {
            "n_estimators": 164,
            "learning_rate": 0.029546709106899164,
            "subsample": 0.5358665285502402,
            "max_depth": 4,
            "colsample_bytree": 0.6279599803005205,
            "min_child_weight": 1
         }
      },
      "zero_laststate": {
         "xgb": {
            "n_estimators": 749,
            "learning_rate": 0.011670705945939377,
            "subsample": 0.751216929622116,
            "max_depth": 3,
            "colsample_bytree": 0.6903721080730236,
            "min_child_weight": 2
         }
      }
   }
}