{
   "remtime2": {
      "zero_agg": {
         "xgb": {
            "n_estimators": 606,
            "learning_rate": 0.014575907656451875,
            "subsample": 0.9019256104954114,
            "max_depth": 4,
            "colsample_bytree": 0.6147006259773422,
            "min_child_weight": 2
         }
      }
   }
}