{
   "remtime": {
      "zero_combined": {
         "xgb": {
            "n_estimators": 55,
            "learning_rate": 0.043353161643445666,
            "subsample": 0.8828338854703369,
            "max_depth": 3,
            "colsample_bytree": 0.690298543539043,
            "min_child_weight": 1
         }
      }
   },
   "remtime2": {
      "zero_combined": {
         "xgb": {
            "n_estimators": 92,
            "learning_rate": 0.02247609917429548,
            "subsample": 0.8538181440537886,
            "max_depth": 3,
            "colsample_bytree": 0.7609074594036723,
            "min_child_weight": 1
         }
      }
   }
}