{
   "remtime": {
      "zero_combined": {
         "xgb": {
            "n_estimators": 206,
            "learning_rate": 0.010664337922337778,
            "subsample": 0.9880985469943686,
            "max_depth": 5,
            "colsample_bytree": 0.8708411828805518,
            "min_child_weight": 1
         }
      }
   },
   "remtime2": {
      "zero_combined": {
         "xgb": {
            "n_estimators": 114,
            "learning_rate": 0.032607257619356664,
            "subsample": 0.7683887282435975,
            "max_depth": 4,
            "colsample_bytree": 0.8469542564678031,
            "min_child_weight": 1
         }
      }
   }
}