{
   "W_Al": {
      "zero_combined": {
         "xgb": {
            "n_estimators": 70,
            "learning_rate": 0.0370785493806157,
            "subsample": 0.6010288822571981,
            "max_depth": 6,
            "colsample_bytree": 0.8571785366659265,
            "min_child_weight": 1
         }
      },
      "zero_laststate": {
         "xgb": {
            "n_estimators": 154,
            "learning_rate": 0.021695150089131,
            "subsample": 0.6793283421218059,
            "max_depth": 7,
            "colsample_bytree": 0.7230658736461082,
            "min_child_weight": 1
         }
      }
   },
   "W_Bf": {
      "zero_combined": {
         "xgb": {
            "n_estimators": 81,
            "learning_rate": 0.014377539573096816,
            "subsample": 0.5651351286229206,
            "max_depth": 4,
            "colsample_bytree": 0.9874469099073558,
            "min_child_weight": 2
         }
      },
      "zero_laststate": {
         "xgb": {
            "n_estimators": 117,
            "learning_rate": 0.02224357241256644,
            "subsample": 0.8851658759278812,
            "max_depth": 5,
            "colsample_bytree": 0.8685827192663292,
            "min_child_weight": 1
         }
      }
   },
   "W_Ca": {
      "zero_combined": {
         "xgb": {
            "n_estimators": 104,
            "learning_rate": 0.01376288580146489,
            "subsample": 0.7515664394163384,
            "max_depth": 7,
            "colsample_bytree": 0.4506390008222388,
            "min_child_weight": 2
         }
      },
      "zero_laststate": {
         "xgb": {
            "n_estimators": 119,
            "learning_rate": 0.011909830590261105,
            "subsample": 0.9642442962151052,
            "max_depth": 3,
            "colsample_bytree": 0.9141877166541318,
            "min_child_weight": 1
         }
      }
   },
   "W_No": {
      "zero_combined": {
         "xgb": {
            "n_estimators": 300,
            "learning_rate": 0.0206532601308202,
            "subsample": 0.5832668501905639,
            "max_depth": 6,
            "colsample_bytree": 0.9923424456103914,
            "min_child_weight": 2
         }
      },
      "zero_laststate": {
         "xgb": {
            "n_estimators": 349,
            "learning_rate": 0.01405857084114957,
            "subsample": 0.9111054495509172,
            "max_depth": 4,
            "colsample_bytree": 0.8228960168887246,
            "min_child_weight": 2
         }
      }
   },
   "W_Va": {
      "zero_combined": {
         "xgb": {
            "n_estimators": 226,
            "learning_rate": 0.011938621199077844,
            "subsample": 0.6859812047880679,
            "max_depth": 8,
            "colsample_bytree": 0.5822813631625214,
            "min_child_weight": 1
         }
      },
      "zero_laststate": {
         "xgb": {
            "n_estimators": 202,
            "learning_rate": 0.012348389070015913,
            "subsample": 0.6527267782710173,
            "max_depth": 7,
            "colsample_bytree": 0.6987404321004211,
            "min_child_weight": 2
         }
      }
   },
   "W_id": {
      "zero_combined": {
         "xgb": {
            "n_estimators": 58,
            "learning_rate": 0.032278816045356575,
            "subsample": 0.8818946254136756,
            "max_depth": 4,
            "colsample_bytree": 0.7121300560254578,
            "min_child_weight": 1
         }
      },
      "zero_laststate": {
         "xgb": {
            "n_estimators": 234,
            "learning_rate": 0.010651033634150871,
            "subsample": 0.8208399034291396,
            "max_depth": 3,
            "colsample_bytree": 0.5876932731313804,
            "min_child_weight": 2
         }
      }
   },
   "remtime": {
      "zero_combined": {
         "xgb": {
            "n_estimators": 631,
            "learning_rate": 0.012471273053493655,
            "subsample": 0.9922856062060406,
            "max_depth": 3,
            "colsample_bytree": 0.7387881482127292,
            "min_child_weight": 2
         }
      },
      "zero_laststate": {
         "xgb": {
            "n_estimators": 566,
            "learning_rate": 0.03739533025238384,
            "subsample": 0.8366911520701616,
            "max_depth": 3,
            "colsample_bytree": 0.5704789936875438,
            "min_child_weight": 2
         }
      }
   },
   "remtime2": {
      "zero_combined": {
         "xgb": {
            "n_estimators": 80,
            "learning_rate": 0.04224082695528966,
            "subsample": 0.5395716577555532,
            "max_depth": 4,
            "colsample_bytree": 0.4483111193052726,
            "min_child_weight": 1
         }
      },
      "zero_laststate": {
         "xgb": {
            "n_estimators": 425,
            "learning_rate": 0.01020009538367503,
            "subsample": 0.6383020963139336,
            "max_depth": 3,
            "colsample_bytree": 0.696230739050975,
            "min_child_weight": 2
         }
      }
   },
   "x10": {
      "zero_combined": {
         "xgb": {
            "n_estimators": 175,
            "learning_rate": 0.020773232286548576,
            "subsample": 0.6607723239471374,
            "max_depth": 7,
            "colsample_bytree": 0.7901081685783535,
            "min_child_weight": 2
         }
      },
      "zero_laststate": {
         "xgb": {
            "n_estimators": 988,
            "learning_rate": 0.015345746515387504,
            "subsample": 0.8365578528889805,
            "max_depth": 3,
            "colsample_bytree": 0.5203882503895781,
            "min_child_weight": 1
         }
      }
   },
   "x11": {
      "zero_combined": {
         "xgb": {
            "n_estimators": 258,
            "learning_rate": 0.020899234643243787,
            "subsample": 0.8749569571053719,
            "max_depth": 4,
            "colsample_bytree": 0.4495004926741227,
            "min_child_weight": 2
         }
      },
      "zero_laststate": {
         "xgb": {
            "n_estimators": 239,
            "learning_rate": 0.015390630270891869,
            "subsample": 0.6468799021783255,
            "max_depth": 4,
            "colsample_bytree": 0.9113754884796704,
            "min_child_weight": 1
         }
      }
   },
   "x3": {
      "zero_combined": {
         "xgb": {
            "n_estimators": 437,
            "learning_rate": 0.0135899941792872,
            "subsample": 0.6103097188071229,
            "max_depth": 7,
            "colsample_bytree": 0.7124561651399275,
            "min_child_weight": 2
         }
      },
      "zero_laststate": {
         "xgb": {
            "n_estimators": 449,
            "learning_rate": 0.016157151154969237,
            "subsample": 0.8821146778563821,
            "max_depth": 7,
            "colsample_bytree": 0.6578175860513542,
            "min_child_weight": 1
         }
      }
   },
   "x4": {
      "zero_combined": {
         "xgb": {
            "n_estimators": 473,
            "learning_rate": 0.046418170076592144,
            "subsample": 0.7494677241095897,
            "max_depth": 7,
            "colsample_bytree": 0.4366494437767564,
            "min_child_weight": 2
         }
      },
      "zero_laststate": {
         "xgb": {
            "n_estimators": 257,
            "learning_rate": 0.012504483509173587,
            "subsample": 0.5391795538660678,
            "max_depth": 6,
            "colsample_bytree": 0.6232557759083175,
            "min_child_weight": 1
         }
      }
   },
   "x5": {
      "zero_combined": {
         "xgb": {
            "n_estimators": 200,
            "learning_rate": 0.03544485200523427,
            "subsample": 0.9288317897429093,
            "max_depth": 3,
            "colsample_bytree": 0.6268543583910764,
            "min_child_weight": 2
         }
      },
      "zero_laststate": {
         "xgb": {
            "n_estimators": 499,
            "learning_rate": 0.023352985197886846,