{
   "O_ACCEPTED": {
      "zero_agg": {
         "xgb": {
            "n_estimators": 212,
            "learning_rate": 0.0480621263899,
            "subsample": 0.966647138566,
            "max_depth": 3,
            "colsample_bytree": 0.536985039414,
            "min_child_weight": 2
         }
      }
   },
   "O_CANCELLED": {
      "zero_agg": {
         "xgb": {
            "n_estimators": 548,
            "learning_rate": 0.026062772059900003,
            "subsample": 0.7105529976880001,
            "max_depth": 5,
            "colsample_bytree": 0.6743619611920001,
            "min_child_weight": 1
         }
      }
   },
   "O_DECLINED": {
      "zero_agg": {
         "xgb": {
            "n_estimators": 370,
            "learning_rate": 0.0142198936537,
            "subsample": 0.8650104329989999,
            "max_depth": 3,
            "colsample_bytree": 0.995753509363,
            "min_child_weight": 1
         }
      }
   },
   "O_SENT": {
      "zero_agg": {
         "xgb": {
            "n_estimators": 757,
            "learning_rate": 0.06683919551659999,
            "subsample": 0.585027849896,
            "max_depth": 3,
            "colsample_bytree": 0.6497484209359999,
            "min_child_weight": 1
         }
      }
   },
   "O_SENT_BACK": {
      "zero_agg": {
         "xgb": {
            "n_estimators": 272,
            "learning_rate": 0.0268988959235,
            "subsample": 0.5495583994100001,
            "max_depth": 8,
            "colsample_bytree": 0.978245196763,
            "min_child_weight": 1
         }
      }
   },
   "remtime": {
      "zero_agg": {
         "xgb": {
            "n_estimators": 329,
            "learning_rate": 0.0100361622091,
            "subsample": 0.969430738286,
            "max_depth": 8,
            "colsample_bytree": 0.554676098179,
            "min_child_weight": 2
         }
      }
   },
   "x11": {
      "zero_agg": {
         "xgb": {
            "n_estimators": 565,
            "learning_rate": 0.0241678448548,
            "subsample": 0.9552309645999999,
            "max_depth": 7,
            "colsample_bytree": 0.605689302618,
            "min_child_weight": 1
         }
      }
   },
   "x21": {
      "zero_agg": {
         "xgb": {
            "n_estimators": 77,
            "learning_rate": 0.03813540168480001,
            "subsample": 0.722451358653,
            "max_depth": 3,
            "colsample_bytree": 0.51579431137,
            "min_child_weight": 2
         }
      }
   }
}