{
   "remtime": {
      "zero_combined": {
         "xgb": {
            "n_estimators": 71,
            "learning_rate": 0.030739152678533107,
            "subsample": 0.93689590222095,
            "max_depth": 3,
            "colsample_bytree": 0.9068960715121892,
            "min_child_weight": 1
         }
      }
   },
   "remtime2": {
      "zero_combined": {
         "xgb": {
            "n_estimators": 101,
            "learning_rate": 0.028194004201258987,
            "subsample": 0.8890835904747126,
            "max_depth": 6,
            "colsample_bytree": 0.4127059638225037,
            "min_child_weight": 1
         }
      }
   }
}