{
   "O_ACCEPTED": {
      "zero_agg": {
         "xgb": {
            "n_estimators": 841,
            "learning_rate": 0.06354212566518012,
            "subsample": 0.8234524495368658,
            "max_depth": 6,
            "colsample_bytree": 0.4654574690575823,
            "min_child_weight": 1
         }
      }
   },
   "O_CANCELLED": {
      "zero_agg": {
         "xgb": {
            "n_estimators": 978,
            "learning_rate": 0.026300631735561124,
            "subsample": 0.5018074093165541,
            "max_depth": 3,
            "colsample_bytree": 0.9192771824087852,
            "min_child_weight": 1
         }
      }
   },
   "O_DECLINED": {
      "zero_agg": {
         "xgb": {
            "n_estimators": 560,
            "learning_rate": 0.03453431917361553,
            "subsample": 0.9091940479579614,
            "max_depth": 7,
            "colsample_bytree": 0.9089572421935536,
            "min_child_weight": 1
         }
      }
   },
   "O_SENT": {
      "zero_agg": {
         "xgb": {
            "n_estimators": 886,
            "learning_rate": 0.06849088421795486,
            "subsample": 0.9592379210049096,
            "max_depth": 8,
            "colsample_bytree": 0.8710859409269724,
            "min_child_weight": 2
         }
      }
   },
   "O_SENT_BACK": {
      "zero_agg": {
         "xgb": {
            "n_estimators": 736,
            "learning_rate": 0.04647260535786887,
            "subsample": 0.7882277441270402,
            "max_depth": 6,
            "colsample_bytree": 0.5875730194406109,
            "min_child_weight": 2
         }
      }
   },
   "x11": {
      "zero_agg": {
         "xgb": {
            "n_estimators": 914,
            "learning_rate": 0.06445717453761006,
            "subsample": 0.7008732727552538,
            "max_depth": 6,
            "colsample_bytree": 0.8595360323929293,
            "min_child_weight": 1
         }
      }
   },
   "x21": {
      "zero_agg": {
         "xgb": {
            "n_estimators": 902,
            "learning_rate": 0.06131685471670657,
            "subsample": 0.6222920047474445,
            "max_depth": 7,
            "colsample_bytree": 0.628231577729663,
            "min_child_weight": 1
         }
      }
   }
}