{
   "Acceptance_of_requests": {
      "zero_combined": {
         "xgb": {
            "n_estimators": 837,
            "learning_rate": 0.04021949664858726,
            "subsample": 0.8461742016186162,
            "max_depth": 7,
            "colsample_bytree": 0.9985209737267092,
            "min_child_weight": 2
         }
      },
      "zero_laststate": {
         "xgb": {
            "n_estimators": 890,
            "learning_rate": 0.035840696238277334,
            "subsample": 0.9838499236660271,
            "max_depth": 8,
            "colsample_bytree": 0.9718843804920112,
            "min_child_weight": 1
         }
      }
   },
   "Collateral_check": {
      "zero_combined": {
         "xgb": {
            "n_estimators": 468,
            "learning_rate": 0.037125908929975054,
            "subsample": 0.8130562209025824,
            "max_depth": 8,
            "colsample_bytree": 0.4482093225398913,
            "min_child_weight": 2
         }
      },
      "zero_laststate": {
         "xgb": {
            "n_estimators": 746,
            "learning_rate": 0.05042178535753848,
            "subsample": 0.7924895733012316,
            "max_depth": 7,
            "colsample_bytree": 0.9816171611241582,
            "min_child_weight": 2
         }
      }
   },
   "Collection_of_documents": {
      "zero_combined": {
         "xgb": {
            "n_estimators": 961,
            "learning_rate": 0.026176571451917933,
            "subsample": 0.8186526930707033,
            "max_depth": 8,
            "colsample_bytree": 0.9640988668104248,
            "min_child_weight": 1
         }
      },
      "zero_laststate": {
         "xgb": {
            "n_estimators": 687,
            "learning_rate": 0.0466004263077495,
            "subsample": 0.8188439397842271,
            "max_depth": 8,
            "colsample_bytree": 0.9819867487259774,
            "min_child_weight": 1
         }
      }
   },
   "Completeness_check": {
      "zero_combined": {
         "xgb": {
            "n_estimators": 424,
            "learning_rate": 0.05049885112082176,
            "subsample": 0.9227994987477212,
            "max_depth": 8,
            "colsample_bytree": 0.979624222328108,
            "min_child_weight": 2
         }
      },
      "zero_laststate": {
         "xgb": {
            "n_estimators": 770,
            "learning_rate": 0.055998938972321485,
            "subsample": 0.9269071909504988,
            "max_depth": 8,
            "colsample_bytree": 0.8233947220701971,
            "min_child_weight": 2
         }
      }
   },
   "Credit_committee": {
      "zero_combined": {
         "xgb": {
            "n_estimators": 924,
            "learning_rate": 0.01019128627332403,
            "subsample": 0.9897471805213214,
            "max_depth": 8,
            "colsample_bytree": 0.8444934401890429,
            "min_child_weight": 1
         }
      },
      "zero_laststate": {
         "xgb": {
            "n_estimators": 889,
            "learning_rate": 0.018214491477900552,
            "subsample": 0.5394982006442444,
            "max_depth": 6,
            "colsample_bytree": 0.8980036403687984,
            "min_child_weight": 1
         }
      }
   },
   "Credit_worthiness_check": {
      "zero_combined": {
         "xgb": {
            "n_estimators": 907,
            "learning_rate": 0.04628960165715034,
            "subsample": 0.8936421817219825,
            "max_depth": 8,
            "colsample_bytree": 0.8211477054931564,
            "min_child_weight": 1
         }
      },
      "zero_laststate": {
         "xgb": {
            "n_estimators": 609,
            "learning_rate": 0.015697541636435528,
            "subsample": 0.8499010684331141,
            "max_depth": 8,
            "colsample_bytree": 0.8588546157052259,
            "min_child_weight": 2
         }
      }
   },
   "Requirements_review": {
      "zero_combined": {
         "xgb": {
            "n_estimators": 660,
            "learning_rate": 0.011623357460862743,
            "subsample": 0.951623364716236,
            "max_depth": 8,
            "colsample_bytree": 0.7795431603970817,
            "min_child_weight": 1
         }
      },
      "zero_laststate": {
         "xgb": {
            "n_estimators": 157,
            "learning_rate": 0.012481169915821128,
            "subsample": 0.7014010905661661,
            "max_depth": 7,
            "colsample_bytree": 0.6210530815657082,
            "min_child_weight": 2
         }
      }
   },
   "remtime": {
      "zero_combined": {
         "xgb": {
            "n_estimators": 144,
            "learning_rate": 0.056568203552729214,
            "subsample": 0.9648200904998868,
            "max_depth": 8,
            "colsample_bytree": 0.8848972120530422,
            "min_child_weight": 1
         }
      },
      "zero_laststate": {
         "xgb": {
            "n_estimators": 378,
            "learning_rate": 0.016575654623214725,
            "subsample": 0.92767833336156,
            "max_depth": 8,
            "colsample_bytree": 0.9183671769414048,
            "min_child_weight": 1
         }
      }
   },
   "remtime2": {
      "zero_combined": {
         "xgb": {
            "n_estimators": 953,
            "learning_rate": 0.02474989848602697,
            "subsample": 0.5894504199073604,
            "max_depth": 6,
            "colsample_bytree": 0.7983203155508305,
            "min_child_weight": 1
         }
      },
      "zero_laststate": {
         "xgb": {
            "n_estimators": 791,
            "learning_rate": 0.02016321614517074,
            "subsample": 0.7827702235957681,
            "max_depth": 8,
            "colsample_bytree": 0.9479377008482652,
            "min_child_weight": 2
         }
      }
   }
}