{
   "remtime": {
      "zero_combined": {
         "xgb": {
            "n_estimators": 407,
            "learning_rate": 0.027248846918039242,
            "subsample": 0.6764791432404139,
            "max_depth": 8,
            "colsample_bytree": 0.9751948952113516,
            "min_child_weight": 2
         }
      }
   },
   "remtime2": {
      "zero_combined": {
         "xgb": {
            "n_estimators": 584,
            "learning_rate": 0.011352997412783295,
            "subsample": 0.7002696867188594,
            "max_depth": 8,
            "colsample_bytree": 0.9297129065089618,
            "min_child_weight": 1
         }
      }
   }
}