{
   "remtime": {
      "zero_combined": {
         "xgb": {
            "n_estimators": 856,
            "learning_rate": 0.03968982840977686,
            "subsample": 0.8991378450106721,
            "max_depth": 5,
            "colsample_bytree": 0.933519820751686,
            "min_child_weight": 2
         }
      }
   },
   "remtime2": {
      "zero_combined": {
         "xgb": {
            "n_estimators": 75,
            "learning_rate": 0.012957772574018728,
            "subsample": 0.9815854709560884,
            "max_depth": 5,
            "colsample_bytree": 0.4582444922580517,
            "min_child_weight": 1
         }
      }
   }
}