{
   "remtime": {
      "zero_combined": {
         "xgb": {
            "n_estimators": 283,
            "learning_rate": 0.02514417160015647,
            "subsample": 0.8086056871281919,
            "max_depth": 8,
            "colsample_bytree": 0.5488983387264411,
            "min_child_weight": 2
         }
      }
   },
    "remtime2": {
      "zero_laststate": {
         "xgb": {
            "min_child_weight": 1,
            "learning_rate": 0.01126247666044293,
            "colsample_bytree": 0.6636727084871374,
            "max_depth": 6,
            "n_estimators": 421,
            "subsample": 0.6164271689918474
         }
      }
   }
}