{
   "remtime": {
      "zero_combined": {
         "xgb": {
            "n_estimators": 283,
            "learning_rate": 0.02514417160015647,
            "subsample": 0.8086056871281919,
            "max_depth": 8,
            "colsample_bytree": 0.5488983387264411,
            "min_child_weight": 2
         }
      }
   },
   "remtime2": {
      "zero_combined": {
         "xgb": {
            "n_estimators": 219,
            "learning_rate": 0.027717413134420717,
            "subsample": 0.6076235962217886,
            "max_depth": 4,
            "colsample_bytree": 0.5346388172328704,
            "min_child_weight": 2
         }
      }
   }
}