{
   "remtime": {
      "zero_laststate": {
         "xgb": {
            "min_child_weight": 2,
            "learning_rate": 0.022930332046849685,
            "colsample_bytree": 0.96508033458147,
            "max_depth": 4,
            "n_estimators": 141,
            "subsample": 0.539991217030408
         }
      }
   },
   "remtime2": {
      "zero_laststate": {
         "xgb": {
            "min_child_weight": 1,
            "learning_rate": 0.01126247666044293,
            "colsample_bytree": 0.6636727084871374,
            "max_depth": 6,
            "n_estimators": 421,
            "subsample": 0.6164271689918474
         }
      }
   }
}