{
   "remtime": {
      "zero_combined": {
         "xgb": {
            "n_estimators": 682,
            "learning_rate": 0.021714286481468656,
            "subsample": 0.978808832400294,
            "max_depth": 5,
            "colsample_bytree": 0.4289672165437452,
            "min_child_weight": 1
         }
      }
   },
   "remtime2": {
      "zero_combined": {
         "xgb": {
            "n_estimators": 89,
            "learning_rate": 0.01860554789160753,
            "subsample": 0.7192798799326399,
            "max_depth": 3,
            "colsample_bytree": 0.9601005549578476,
            "min_child_weight": 2
         }
      }
   }
}