{
   "remtime": {
      "zero_combined": {
         "xgb": {
            "n_estimators": 580,
            "learning_rate": 0.04732562435046103,
            "subsample": 0.5115254760068492,
            "max_depth": 5,
            "colsample_bytree": 0.4246971251068925,
            "min_child_weight": 1
         }
      }
   },
   "remtime2": {
      "zero_combined": {
         "xgb": {
            "n_estimators": 152,
            "learning_rate": 0.04387709358200144,
            "subsample": 0.6480923802484362,
            "max_depth": 8,
            "colsample_bytree": 0.6528778094178631,
            "min_child_weight": 1
         }
      }
   }
}